-- server/data/seed.sql
-- One-time data migrated from MySQL bpls_db. Run AFTER schema.sql.
-- Idempotent-ish: wrap in a transaction; assumes empty tables.
BEGIN;
-- owners (4 rows)
INSERT INTO owners VALUES ('OWN-001', 'EARL JOHN', 'SANTA CATALINA', '09564139075', 'earljohn@gmail.com', 'N/A', NULL, 'Active', '2026-06-26', '2026-06-26 00:57:30', '2026-06-26 00:57:30');
INSERT INTO owners VALUES ('OWN-011', 'ANGELES VELNALON', 'CARANOCHE', 'N/A', 'N/A', 'N/A', NULL, 'Active', '2026-06-29', '2026-06-29 02:23:43', '2026-06-29 02:23:43');
INSERT INTO owners VALUES ('OWN-111', 'ARJEY TRUCKING SERVICES', 'CARANOCHE', 'N/A', 'N/A', 'N/A', NULL, 'Active', '2026-06-29', '2026-06-29 02:48:18', '2026-06-29 02:48:18');
INSERT INTO owners VALUES ('OWN-1111', 'AVT COMMERCIAL ', 'N/A', 'N/A', 'N/A', 'N/A', NULL, 'Active', '2026-06-29', '2026-06-29 05:24:08', '2026-06-29 05:24:08');
-- users (2 rows)
INSERT INTO users VALUES (1, 'admin', '$2b$10$GlU4lP78bRZYCzuN1yMQpuLkWlVhXAlx0c4kUmqirMZHAEBmPI.p.', 'ADMIN', NULL, 'Administrator', 1, '2026-06-17 13:10:41', '2026-07-03 07:37:00', '2026-07-03 07:37:00');
INSERT INTO users VALUES (3, 'JEFF', '$2b$10$nIas7Dg4MKpzZ2bwO2V1fOLgVzqkqur9dbkh0Lj3oOabztktLH/b2', 'JEFFREY JOHN', 'Treasurer''s Office', 'Treasurer', 0, '2026-06-25 05:51:54', '2026-06-25 08:29:21', '2026-06-25 06:32:59');
-- regulatory_fees (6 rows)
INSERT INTO regulatory_fees VALUES ('REG-001', 'Sanitary Permit Fee', 200.0, 'Annual sanitary permit issued by the Municipal Health Office', 'Active');
INSERT INTO regulatory_fees VALUES ('REG-002', 'Health Certificate Fee', 150.0, 'Health certificate for food business owners and handlers', 'Active');
INSERT INTO regulatory_fees VALUES ('REG-003', 'PESO Fee', 100.0, 'Public Employment Service Office registration fee', 'Active');
INSERT INTO regulatory_fees VALUES ('REG-004', 'Solid Waste Management Fee', 250.0, 'Annual solid waste management collection fee', 'Active');
INSERT INTO regulatory_fees VALUES ('REG-005', 'Inspection Fee', 300.0, 'Annual business inspection', 'Active');
INSERT INTO regulatory_fees VALUES ('REG-006', 'Certificate of Occupancy Fee', 500.0, 'Certificate of occupancy for commercial establishments', 'Active');
-- municipality_settings (1 rows)
INSERT INTO municipality_settings VALUES (1, 'Municipality of Sta. Catalina', 'Negros Oriental', 'Region VII (Central Visayas)', '6227', NULL, NULL, NULL, NULL, NULL, '2026-06-25 05:32:32');
-- businesses (5 rows)
INSERT INTO businesses VALUES ('BUS-001', 'OWN-001', 'EARL EATERY', 'Sole Proprietorship', 'g', 'New', 'Carenderia', 'Services', NULL, '2019-03-13', 55000.0, 'Active', 'Unpaid', '2026-06-26 00:59:01', '2026-06-26 00:59:01');
INSERT INTO businesses VALUES ('BUS-004', 'OWN-111', 'PAYLOADER', 'Sole Proprietorship', 'e', 'New', 'Hardware', 'Industrial', NULL, '2022-06-09', 100000.0, 'Active', 'Unpaid', '2026-06-29 02:59:29', '2026-06-29 06:27:06');
INSERT INTO businesses VALUES ('BUS-005', 'OWN-1111', 'GOOD HANDS AGRIC''L TRADING CORP', 'Partnership', 'b', 'New', 'Retail Store', 'Food & Beverage', NULL, '2011-02-08', 65000.0, 'Active', 'Unpaid', '2026-06-29 06:35:37', '2026-06-30 01:08:16');
INSERT INTO businesses VALUES ('BUS-011', 'OWN-011', 'FISH VENDOR', 'Sole Proprietorship', 'd', 'New', 'Other', 'Others', 'CARANOCHE', '2024-02-13', 30000.0, 'Active', 'Unpaid', '2026-06-29 02:25:41', '2026-06-29 02:25:41');
INSERT INTO businesses VALUES ('BUS-111', 'OWN-111', 'BACKHOE', 'Sole Proprietorship', 'e', 'New', 'Hardware', 'Industrial', NULL, '2023-06-14', 100000.0, 'Active', 'Unpaid', '2026-06-29 02:57:37', '2026-06-29 02:58:51');
-- assessments (5 rows)
INSERT INTO assessments VALUES ('ASS-000001', 'BUS-111', 'OWN-111', 2024, 'Business Tax', 'Annual', 100000.0, 250456.65, 5082.0, 'Paid', '2024-01-22', NULL, 'ADMIN', '2026-07-01 02:58:21', '2026-07-01 03:00:30', NULL, NULL, NULL);
INSERT INTO assessments VALUES ('ASS-000002', 'BUS-111', 'OWN-111', 2025, 'Business Tax', 'Annual', 100000.0, 653021.25, 10175.0, 'Paid', '2025-01-20', NULL, 'ADMIN', '2026-07-01 03:37:45', '2026-07-01 03:38:45', NULL, NULL, NULL);
INSERT INTO assessments VALUES ('ASS-000003', 'BUS-011', 'OWN-011', 2025, 'Business Tax', 'Annual', 30000.0, 85000.0, 1700.0, 'Unpaid', '2025-01-20', NULL, 'ADMIN', '2026-07-01 05:42:09', '2026-07-01 05:42:09', NULL, NULL, NULL);
INSERT INTO assessments VALUES ('ASS-000004', 'BUS-005', 'OWN-1111', 2013, 'Business Tax', 'Quarterly', 65000.0, 85650.0, 1452.0, 'Paid', '2013-03-20', NULL, 'ADMIN', '2026-07-01 08:04:06', '2026-07-01 08:07:01', NULL, NULL, NULL);
INSERT INTO assessments VALUES ('ASS-000005', 'BUS-005', 'OWN-1111', 2014, 'Business Tax', 'Quarterly', 65000.0, 95619.99, 1452.0, 'Paid', '2014-03-20', NULL, 'ADMIN', '2026-07-01 08:09:18', '2026-07-01 08:12:18', NULL, NULL, NULL);
-- payments (37 rows)
INSERT INTO payments VALUES ('PAY-000002', 'OWN-001', 'BUS-001', '2020-01-14', 'OR-2020-000001', 'Mayor''s Permit', 'Business Tax', '2020', 2020, 75.0, 0.0, 0.0, 0.0, 75.0, 'ADMIN', 'FULL PAYMENT', NULL, 'Cash', NULL, NULL, NULL, NULL, NULL, '2026-06-26 01:02:18', '2026-06-30 16:55:14', '1');
INSERT INTO payments VALUES ('PAY-000003', 'OWN-001', 'BUS-001', '2020-01-14', 'OR-2020-000001', 'Regulatory Fees', 'Regulatory Fees', '2020', NULL, 0.0, 0.0, 0.0, 1500.0, 1500.0, 'ADMIN', 'FULL PAYMENT', NULL, 'Cash', NULL, NULL, NULL, 'Certificate of Occupancy Fee (PHP 500.00), Inspection Fee (PHP 300.00), Sanitary Permit Fee (PHP 200.00), Solid Waste Management Fee (PHP 250.00), PESO Fee (PHP 100.00), Health Certificate Fee (PHP 150.00)', NULL, '2026-06-26 01:02:18', '2026-06-30 16:54:46', '1');
INSERT INTO payments VALUES ('PAY-000031', 'OWN-011', 'BUS-011', '2025-05-27', '9267962', 'Business Tax', 'Business Tax', '2025', 2025, 60.0, 15.0, 0.0, 0.0, 75.0, 'ADMIN', 'FULL PAYMENT', NULL, 'Cash', NULL, NULL, NULL, NULL, NULL, '2026-06-29 02:33:31', '2026-06-30 16:55:11', '1');
INSERT INTO payments VALUES ('PAY-000032', 'OWN-011', 'BUS-011', '2025-05-27', '9267962', 'Mayor''s Permit', 'Business Tax', '2025', 2025, 75.0, 0.0, 0.0, 0.0, 75.0, 'ADMIN', 'FULL PAYMENT', NULL, 'Cash', NULL, NULL, NULL, NULL, NULL, '2026-06-29 02:33:31', '2026-06-30 16:55:12', '1');
INSERT INTO payments VALUES ('PAY-000033', 'OWN-011', 'BUS-011', '2025-05-27', 'OR-2025-000001', 'Regulatory Fees', 'Regulatory Fees', '2025', NULL, 0.0, 0.0, 0.0, 205.0, 205.0, 'ADMIN', 'FULL PAYMENT', NULL, 'Cash', NULL, NULL, NULL, 'PESO Fee (PHP 20.00), Solid Waste Management Fee (PHP 110.00), Health Certificate Fee (PHP 25.00), Sanitary Permit Fee (PHP 50.00)', NULL, '2026-06-29 02:33:31', '2026-06-30 16:54:44', '1');
INSERT INTO payments VALUES ('PAY-000034', 'OWN-1111', 'BUS-005', '2012-01-20', '6177218', 'Business Tax', 'Business Tax', '2012', 2012, 1089.0, 0.0, 0.0, 0.0, 1089.0, 'ADMIN', 'FULL PAYMENT', NULL, 'Cash', NULL, NULL, NULL, NULL, NULL, '2026-06-29 06:51:57', '2026-06-30 16:55:04', '1');
INSERT INTO payments VALUES ('PAY-000035', 'OWN-1111', 'BUS-005', '2012-01-20', '6177218', 'Mayor''s Permit', 'Business Tax', '2012', 2012, 100.0, 0.0, 0.0, 0.0, 100.0, 'ADMIN', 'FULL PAYMENT', NULL, 'Cash', NULL, NULL, NULL, NULL, NULL, '2026-06-29 06:51:57', '2026-06-30 16:55:05', '1');
INSERT INTO payments VALUES ('PAY-000036', 'OWN-1111', 'BUS-005', '2012-01-20', '35/PERSON', 'Regulatory Fees', 'Regulatory Fees', '2012', NULL, 0.0, 0.0, 0.0, 410.0, 410.0, 'ADMIN', 'FULL PAYMENT', NULL, 'Cash', NULL, NULL, NULL, 'Certificate of Occupancy Fee (PHP 100.00), Inspection Fee (PHP 120.00), Sanitary Permit Fee (PHP 150.00), Solid Waste Management Fee (PHP 40.00)', NULL, '2026-06-29 06:51:57', '2026-06-30 16:54:40', '1');
INSERT INTO payments VALUES ('PAY-000037', 'OWN-1111', 'BUS-005', '2020-01-20', '3848092', 'Business Tax', 'Business Tax', '2020 Q1', 2020, 272.25, 0.0, 0.0, 0.0, 272.25, 'ADMIN', 'QUARTERLY', 1, 'Cash', NULL, NULL, NULL, NULL, NULL, '2026-06-29 07:44:53', '2026-06-30 16:55:00', '1');
INSERT INTO payments VALUES ('PAY-000038', 'OWN-1111', 'BUS-005', '2020-01-20', '3848092', 'Mayor''s Permit', 'Business Tax', '2020', 2020, 110.0, 0.0, 0.0, 0.0, 110.0, 'ADMIN', 'FULL PAYMENT', NULL, 'Cash', NULL, NULL, NULL, NULL, NULL, '2026-06-29 07:44:53', '2026-06-30 16:55:02', '1');
INSERT INTO payments VALUES ('PAY-000039', 'OWN-1111', 'BUS-005', '2020-01-20', '3848092', 'Regulatory Fees', 'Regulatory Fees', '2020', NULL, 0.0, 0.0, 0.0, 1170.0, 1170.0, 'ADMIN', 'FULL PAYMENT', NULL, 'Cash', NULL, NULL, NULL, 'PESO Fee (PHP 700.00), Certificate of Occupancy Fee (PHP 100.00), Inspection Fee (PHP 120.00), Sanitary Permit Fee (PHP 150.00), Solid Waste Management Fee (PHP 100.00)', NULL, '2026-06-29 07:44:53', '2026-06-30 16:54:39', '1');
INSERT INTO payments VALUES ('PAY-000040', 'OWN-1111', 'BUS-005', '2020-04-21', '4234851', 'Business Tax', 'Business Tax', '2020 Q2', 2020, 272.25, 0.0, 0.0, 0.0, 272.25, 'ADMIN', 'QUARTERLY', 2, 'Cash', NULL, NULL, NULL, NULL, NULL, '2026-06-29 07:46:07', '2026-06-30 16:54:59', '1');
INSERT INTO payments VALUES ('PAY-000331', 'OWN-011', 'BUS-011', '2026-01-21', '981646', 'Business Tax', 'Business Tax', '2026', 2026, 60.0, 15.0, 0.0, 0.0, 75.0, 'ADMIN', 'FULL PAYMENT', NULL, 'Cash', NULL, NULL, NULL, NULL, NULL, '2026-06-29 02:38:23', '2026-06-30 16:55:07', '1');
INSERT INTO payments VALUES ('PAY-000332', 'OWN-011', 'BUS-011', '2026-01-21', '981646', 'Mayor''s Permit', 'Business Tax', '2026', 2026, 75.0, 0.0, 0.0, 0.0, 75.0, 'ADMIN', 'FULL PAYMENT', NULL, 'Cash', NULL, NULL, NULL, NULL, NULL, '2026-06-29 02:38:23', '2026-06-30 16:55:09', '1');
INSERT INTO payments VALUES ('PAY-000333', 'OWN-011', 'BUS-011', '2026-01-21', '981646', 'Regulatory Fees', 'Regulatory Fees', '2026', NULL, 0.0, 0.0, 0.0, 205.0, 205.0, 'ADMIN', 'FULL PAYMENT', NULL, 'Cash', NULL, NULL, NULL, 'Sanitary Permit Fee (PHP 50.00), Solid Waste Management Fee (PHP 110.00), PESO Fee (PHP 20.00), Health Certificate Fee (PHP 25.00)', NULL, '2026-06-29 02:38:23', '2026-06-30 16:54:42', '1');
INSERT INTO payments VALUES ('PAY-2026-000001', 'OWN-111', 'BUS-004', '2026-06-30', 'OR-2026-000001', 'Business Tax', 'Business Tax', '2023', 2023, 605.0, 151.25, 0.0, 0.0, 756.25, 'ADMIN', 'FULL PAYMENT', NULL, 'Cash', NULL, NULL, NULL, NULL, NULL, '2026-06-30 08:43:28', '2026-06-30 16:54:52', '1');
INSERT INTO payments VALUES ('PAY-2026-000002', 'OWN-111', 'BUS-111', '2024-01-17', '4589658', 'Business Tax', 'Business Tax', '2024', 2024, 5082.0, 0.0, 0.0, 0.0, 5082.0, 'ADMIN', 'FULL PAYMENT', NULL, 'Cash', NULL, NULL, NULL, NULL, NULL, '2026-07-01 03:00:30', NULL, NULL);
INSERT INTO payments VALUES ('PAY-2026-000003', 'OWN-111', 'BUS-111', '2024-01-17', '4589658', 'Mayor''s Permit', 'Business Tax', '2024', NULL, 55.0, 0.0, 0.0, 0.0, 55.0, 'ADMIN', 'FULL PAYMENT', NULL, 'Cash', NULL, NULL, NULL, NULL, NULL, '2026-07-01 03:00:30', NULL, NULL);
INSERT INTO payments VALUES ('PAY-2026-000004', 'OWN-111', 'BUS-111', '2024-01-17', '4589658', 'Regulatory Fees', 'Regulatory Fees', '2024', NULL, 0.0, 0.0, 0.0, 920.0, 920.0, 'ADMIN', 'FULL PAYMENT', NULL, 'Cash', NULL, NULL, NULL, 'Certificate of Occupancy Fee (PHP 120.00), Inspection Fee (PHP 100.00), Sanitary Permit Fee (PHP 200.00), Solid Waste Management Fee (PHP 250.00), PESO Fee (PHP 100.00), Health Certificate Fee (PHP 150.00)', NULL, '2026-07-01 03:00:30', NULL, NULL);
INSERT INTO payments VALUES ('PAY-2026-000005', 'OWN-111', 'BUS-111', '2025-01-23', '4578535', 'Business Tax', 'Business Tax', '2025', 2025, 10175.0, 2543.75, 0.0, 0.0, 12718.75, 'ADMIN', 'FULL PAYMENT', NULL, 'Cash', NULL, NULL, NULL, NULL, NULL, '2026-07-01 03:38:45', NULL, NULL);
INSERT INTO payments VALUES ('PAY-2026-000006', 'OWN-111', 'BUS-111', '2025-01-23', '4578535', 'Mayor''s Permit', 'Business Tax', '2025', NULL, 55.0, 0.0, 0.0, 0.0, 55.0, 'ADMIN', 'FULL PAYMENT', NULL, 'Cash', NULL, NULL, NULL, NULL, NULL, '2026-07-01 03:38:45', NULL, NULL);
INSERT INTO payments VALUES ('PAY-2026-000007', 'OWN-111', 'BUS-111', '2025-01-23', '4578535', 'Regulatory Fees', 'Regulatory Fees', '2025', NULL, 0.0, 0.0, 0.0, 1500.0, 1500.0, 'ADMIN', 'FULL PAYMENT', NULL, 'Cash', NULL, NULL, NULL, 'Certificate of Occupancy Fee (PHP 500.00), Inspection Fee (PHP 300.00), Sanitary Permit Fee (PHP 200.00), Solid Waste Management Fee (PHP 250.00), PESO Fee (PHP 100.00), Health Certificate Fee (PHP 150.00)', NULL, '2026-07-01 03:38:45', NULL, NULL);
INSERT INTO payments VALUES ('PAY-2026-000008', 'OWN-1111', 'BUS-005', '2026-07-01', '4567834', 'Business Tax', 'Business Tax', '2013 Q1', 2013, 363.0, 90.75, 0.0, 0.0, 453.75, 'ADMIN', 'QUARTERLY', NULL, 'Cash', NULL, NULL, NULL, NULL, NULL, '2026-07-01 08:04:35', '2026-07-01 16:05:00', '1');
INSERT INTO payments VALUES ('PAY-2026-000009', 'OWN-1111', 'BUS-005', '2026-07-01', '4567834', 'Mayor''s Permit', 'Business Tax', '2026', NULL, 55.0, 0.0, 0.0, 0.0, 55.0, 'ADMIN', 'FULL PAYMENT', NULL, 'Cash', NULL, NULL, NULL, NULL, NULL, '2026-07-01 08:04:35', NULL, NULL);
INSERT INTO payments VALUES ('PAY-2026-000010', 'OWN-1111', 'BUS-005', '2026-07-01', '4567834', 'Regulatory Fees', 'Regulatory Fees', '2026', NULL, 0.0, 0.0, 0.0, 1500.0, 1500.0, 'ADMIN', 'FULL PAYMENT', NULL, 'Cash', NULL, NULL, NULL, 'Certificate of Occupancy Fee (PHP 500.00), Inspection Fee (PHP 300.00), Sanitary Permit Fee (PHP 200.00), Solid Waste Management Fee (PHP 250.00), PESO Fee (PHP 100.00), Health Certificate Fee (PHP 150.00)', NULL, '2026-07-01 08:04:35', NULL, NULL);
INSERT INTO payments VALUES ('PAY-2026-000011', 'OWN-1111', 'BUS-005', '2013-02-12', '4567834', 'Business Tax', 'Business Tax', '2013 Q1', 2013, 363.0, 0.0, 0.0, 0.0, 363.0, 'ADMIN', 'QUARTERLY', NULL, 'Cash', NULL, NULL, NULL, NULL, NULL, '2026-07-01 08:05:36', NULL, NULL);
INSERT INTO payments VALUES ('PAY-2026-000012', 'OWN-1111', 'BUS-005', '2013-02-12', '4567834', 'Mayor''s Permit', 'Business Tax', '2013', NULL, 75.0, 0.0, 0.0, 0.0, 75.0, 'ADMIN', 'FULL PAYMENT', NULL, 'Cash', NULL, NULL, NULL, NULL, NULL, '2026-07-01 08:05:36', NULL, NULL);
INSERT INTO payments VALUES ('PAY-2026-000013', 'OWN-1111', 'BUS-005', '2013-02-12', '4567834', 'Regulatory Fees', 'Regulatory Fees', '2013', NULL, 0.0, 0.0, 0.0, 1500.0, 1500.0, 'ADMIN', 'FULL PAYMENT', NULL, 'Cash', NULL, NULL, NULL, 'Certificate of Occupancy Fee (PHP 500.00), Inspection Fee (PHP 300.00), Sanitary Permit Fee (PHP 200.00), PESO Fee (PHP 100.00), Health Certificate Fee (PHP 150.00), Solid Waste Management Fee (PHP 250.00)', NULL, '2026-07-01 08:05:36', NULL, NULL);
INSERT INTO payments VALUES ('PAY-2026-000014', 'OWN-1111', 'BUS-005', '2013-04-19', '5635896', 'Business Tax', 'Business Tax', '2013 Q2', 2013, 363.0, 0.0, 0.0, 0.0, 363.0, 'ADMIN', 'QUARTERLY', NULL, 'Cash', NULL, NULL, NULL, NULL, NULL, '2026-07-01 08:06:05', NULL, NULL);
INSERT INTO payments VALUES ('PAY-2026-000015', 'OWN-1111', 'BUS-005', '2013-09-23', '5266998', 'Business Tax', 'Business Tax', '2013 Q3', 2013, 363.0, 90.75, 0.0, 0.0, 453.75, 'ADMIN', 'QUARTERLY', NULL, 'Cash', NULL, NULL, NULL, NULL, NULL, '2026-07-01 08:06:39', NULL, NULL);
INSERT INTO payments VALUES ('PAY-2026-000016', 'OWN-1111', 'BUS-005', '2013-11-14', '3344528', 'Business Tax', 'Business Tax', '2013 Q4', 2013, 363.0, 0.0, 0.0, 0.0, 363.0, 'ADMIN', 'QUARTERLY', NULL, 'Cash', NULL, NULL, NULL, NULL, NULL, '2026-07-01 08:07:01', NULL, NULL);
INSERT INTO payments VALUES ('PAY-2026-000017', 'OWN-1111', 'BUS-005', '2014-03-20', '5678357', 'Business Tax', 'Business Tax', '2014 Q1', 2014, 363.0, 0.0, 0.0, 0.0, 363.0, 'ADMIN', 'QUARTERLY', NULL, 'Cash', NULL, NULL, NULL, NULL, NULL, '2026-07-01 08:09:56', NULL, NULL);
INSERT INTO payments VALUES ('PAY-2026-000018', 'OWN-1111', 'BUS-005', '2014-04-22', '5690787', 'Business Tax', 'Business Tax', '2014 Q2', 2014, 363.0, 0.0, 0.0, 0.0, 363.0, 'ADMIN', 'QUARTERLY', NULL, 'Cash', NULL, NULL, NULL, NULL, NULL, '2026-07-01 08:10:55', NULL, NULL);
INSERT INTO payments VALUES ('PAY-2026-000019', 'OWN-1111', 'BUS-005', '2014-04-22', '5690787', 'Mayor''s Permit', 'Business Tax', '2014', NULL, 75.0, 0.0, 0.0, 0.0, 75.0, 'ADMIN', 'FULL PAYMENT', NULL, 'Cash', NULL, NULL, NULL, NULL, NULL, '2026-07-01 08:10:56', NULL, NULL);
INSERT INTO payments VALUES ('PAY-2026-000020', 'OWN-1111', 'BUS-005', '2014-04-22', '5690787', 'Regulatory Fees', 'Regulatory Fees', '2014', NULL, 0.0, 0.0, 0.0, 1500.0, 1500.0, 'ADMIN', 'FULL PAYMENT', NULL, 'Cash', NULL, NULL, NULL, 'Certificate of Occupancy Fee (PHP 500.00), Inspection Fee (PHP 300.00), Sanitary Permit Fee (PHP 200.00), Solid Waste Management Fee (PHP 250.00), PESO Fee (PHP 100.00), Health Certificate Fee (PHP 150.00)', NULL, '2026-07-01 08:10:56', NULL, NULL);
INSERT INTO payments VALUES ('PAY-2026-000021', 'OWN-1111', 'BUS-005', '2014-09-11', '3355441', 'Business Tax', 'Business Tax', '2014 Q3', 2014, 363.0, 0.0, 0.0, 0.0, 363.0, 'ADMIN', 'QUARTERLY', NULL, 'Cash', NULL, NULL, NULL, NULL, NULL, '2026-07-01 08:11:54', NULL, NULL);
INSERT INTO payments VALUES ('PAY-2026-000022', 'OWN-1111', 'BUS-005', '2014-12-11', '658236', 'Business Tax', 'Business Tax', '2014 Q4', 2014, 363.0, 0.0, 0.0, 0.0, 363.0, 'ADMIN', 'QUARTERLY', NULL, 'Cash', NULL, NULL, NULL, NULL, NULL, '2026-07-01 08:12:18', NULL, NULL);
-- notifications (17 rows)
INSERT INTO notifications VALUES (23, 1, 'New Assessment Generated', 'New assessment for BACKHOE - Business Tax 2024: PHP 5,082.00', 'assessment_created', 0, '2026-07-01 02:58:21');
INSERT INTO notifications VALUES (24, 1, 'Payment Received', 'Payment received: ARJEY TRUCKING SERVICES (BACKHOE) - OR#4589658 - PHP 6,057.00', 'payment_received', 0, '2026-07-01 03:00:30');
INSERT INTO notifications VALUES (25, 1, 'New Assessment Generated', 'New assessment for BACKHOE - Business Tax 2025: PHP 10,175.00', 'assessment_created', 0, '2026-07-01 03:37:46');
INSERT INTO notifications VALUES (26, 1, 'Payment Received', 'Payment received: ARJEY TRUCKING SERVICES (BACKHOE) - OR#4578535 - PHP 14,273.75', 'payment_received', 0, '2026-07-01 03:38:45');
INSERT INTO notifications VALUES (27, 1, 'New Assessment Generated', 'New assessment for FISH VENDOR - Business Tax 2025: PHP 1,700.00', 'assessment_created', 0, '2026-07-01 05:42:09');
INSERT INTO notifications VALUES (28, 1, 'New Assessment Generated', 'New assessment for GOOD HANDS AGRIC''L TRADING CORP - Business Tax 2013: PHP 1,452.00', 'assessment_created', 0, '2026-07-01 08:04:06');
INSERT INTO notifications VALUES (29, 1, 'Payment Received', 'Payment received: AVT COMMERCIAL  (GOOD HANDS AGRIC''L TRADING CORP) - OR#4567834 - PHP 2,008.75', 'payment_received', 0, '2026-07-01 08:04:35');
INSERT INTO notifications VALUES (30, 1, 'Payment Deleted', 'Payment deleted: OR#4567834 (GOOD HANDS AGRIC''L TRADING CORP) - PHP 453.75', 'payment_deleted', 0, '2026-07-01 08:05:00');
INSERT INTO notifications VALUES (31, 1, 'Payment Received', 'Payment received: AVT COMMERCIAL  (GOOD HANDS AGRIC''L TRADING CORP) - OR#4567834 - PHP 1,938.00', 'payment_received', 0, '2026-07-01 08:05:36');
INSERT INTO notifications VALUES (32, 1, 'Payment Received', 'Payment received: AVT COMMERCIAL  (GOOD HANDS AGRIC''L TRADING CORP) - OR#5635896 - PHP 363.00', 'payment_received', 0, '2026-07-01 08:06:05');
INSERT INTO notifications VALUES (33, 1, 'Payment Received', 'Payment received: AVT COMMERCIAL  (GOOD HANDS AGRIC''L TRADING CORP) - OR#5266998 - PHP 453.75', 'payment_received', 0, '2026-07-01 08:06:39');
INSERT INTO notifications VALUES (34, 1, 'Payment Received', 'Payment received: AVT COMMERCIAL  (GOOD HANDS AGRIC''L TRADING CORP) - OR#3344528 - PHP 363.00', 'payment_received', 0, '2026-07-01 08:07:01');
INSERT INTO notifications VALUES (35, 1, 'New Assessment Generated', 'New assessment for GOOD HANDS AGRIC''L TRADING CORP - Business Tax 2014: PHP 1,452.00', 'assessment_created', 0, '2026-07-01 08:09:18');
INSERT INTO notifications VALUES (36, 1, 'Payment Received', 'Payment received: AVT COMMERCIAL  (GOOD HANDS AGRIC''L TRADING CORP) - OR#5678357 - PHP 363.00', 'payment_received', 0, '2026-07-01 08:09:56');
INSERT INTO notifications VALUES (37, 1, 'Payment Received', 'Payment received: AVT COMMERCIAL  (GOOD HANDS AGRIC''L TRADING CORP) - OR#5690787 - PHP 1,938.00', 'payment_received', 0, '2026-07-01 08:10:56');
INSERT INTO notifications VALUES (38, 1, 'Payment Received', 'Payment received: AVT COMMERCIAL  (GOOD HANDS AGRIC''L TRADING CORP) - OR#3355441 - PHP 363.00', 'payment_received', 0, '2026-07-01 08:11:54');
INSERT INTO notifications VALUES (39, 1, 'Payment Received', 'Payment received: AVT COMMERCIAL  (GOOD HANDS AGRIC''L TRADING CORP) - OR#658236 - PHP 363.00', 'payment_received', 0, '2026-07-01 08:12:18');
-- audit_logs (245 rows)
INSERT INTO audit_logs VALUES (1, '1', 'LOGIN', 'AUTH', '{"username": "admin"}', '2026-06-17 13:23:14');
INSERT INTO audit_logs VALUES (2, '1', 'LOGIN', 'AUTH', '{"username": "admin"}', '2026-06-18 00:04:56');
INSERT INTO audit_logs VALUES (3, '1', 'CREATE_USER', 'USER_MANAGEMENT', '{"created_by": "admin", "created_username": "Earl"}', '2026-06-18 00:53:01');
INSERT INTO audit_logs VALUES (4, NULL, 'LOGIN', 'AUTH', '{"username": "Earl"}', '2026-06-18 00:53:31');
INSERT INTO audit_logs VALUES (5, NULL, 'CREATE_OWNER', 'OWNERS', '{"name": "Jeff Lawrence", "owner_id": "OWN-001"}', '2026-06-18 01:24:28');
INSERT INTO audit_logs VALUES (6, NULL, 'CREATE_OWNER', 'OWNERS', '{"name": "Franz Kleo", "owner_id": "OWN-011"}', '2026-06-18 01:37:18');
INSERT INTO audit_logs VALUES (7, NULL, 'CREATE_BUSINESS', 'BUSINESSES', '{"name": "PICKLEBALL", "business_id": "BUS-001"}', '2026-06-18 02:14:12');
INSERT INTO audit_logs VALUES (8, NULL, 'CREATE_PAYMENT', 'PAYMENTS', '{"count": 3, "owner_id": "OWN-001", "or_number": "OR-2026-000001"}', '2026-06-18 02:33:08');
INSERT INTO audit_logs VALUES (9, NULL, 'CREATE_ASSESSMENT', 'ASSESSMENTS', '{"year": 2026, "tax_type": "Business Tax", "business_id": "BUS-001", "assessment_id": "ASS-000001"}', '2026-06-18 03:09:10');
INSERT INTO audit_logs VALUES (10, NULL, 'CREATE_PAYMENT', 'PAYMENTS', '{"count": 3, "owner_id": "OWN-001", "or_number": "OR-2025-000001"}', '2026-06-18 03:21:15');
INSERT INTO audit_logs VALUES (11, NULL, 'CREATE_ASSESSMENT', 'ASSESSMENTS', '{"year": 2025, "tax_type": "Business Tax", "business_id": "BUS-001", "assessment_id": "ASS-000011"}', '2026-06-18 03:22:42');
INSERT INTO audit_logs VALUES (12, NULL, 'CREATE_BUSINESS', 'BUSINESSES', '{"name": "PICKLE TA BAI", "business_id": "BUS-011"}', '2026-06-18 06:28:39');
INSERT INTO audit_logs VALUES (13, NULL, 'UPDATE_BUSINESS', 'BUSINESSES', '{"business_id": "BUS-011"}', '2026-06-18 06:29:08');
INSERT INTO audit_logs VALUES (14, NULL, 'UPDATE_BUSINESS', 'BUSINESSES', '{"business_id": "BUS-011"}', '2026-06-18 06:29:15');
INSERT INTO audit_logs VALUES (15, NULL, 'DELETE_ASSESSMENT', 'ASSESSMENTS', '{"assessment_id": "ASS-000001"}', '2026-06-18 06:29:33');
INSERT INTO audit_logs VALUES (16, NULL, 'CREATE_BUSINESS', 'BUSINESSES', '{"name": "cafe", "business_id": "BUS-111"}', '2026-06-18 06:33:09');
INSERT INTO audit_logs VALUES (17, NULL, 'CREATE_ASSESSMENT', 'ASSESSMENTS', '{"year": 2026, "section": "g", "tax_type": "Business Tax", "business_id": "BUS-111", "gross_sales": 50000, "tax_computed": 1064.8, "assessment_id": "ASS-000111"}', '2026-06-18 06:34:30');
INSERT INTO audit_logs VALUES (18, NULL, 'CREATE_PAYMENT', 'PAYMENTS', '{"count": 3, "owner_id": "OWN-011", "or_number": "OR-2026-000011"}', '2026-06-18 06:36:45');
INSERT INTO audit_logs VALUES (19, NULL, 'UPDATE_BUSINESS', 'BUSINESSES', '{"business_id": "BUS-001"}', '2026-06-18 06:40:34');
INSERT INTO audit_logs VALUES (20, '1', 'LOGIN', 'AUTH', '{"username": "admin"}', '2026-06-19 00:48:59');
INSERT INTO audit_logs VALUES (21, '1', 'DEACTIVATE_USER', 'USER_MANAGEMENT', '{"target_user_id": "2"}', '2026-06-19 00:49:13');
INSERT INTO audit_logs VALUES (22, '1', 'ACTIVATE_USER', 'USER_MANAGEMENT', '{"target_user_id": "2"}', '2026-06-19 00:49:17');
INSERT INTO audit_logs VALUES (23, '1', 'CREATE_OWNER', 'OWNERS', '{"name": "Kloi", "owner_id": "OWN-111"}', '2026-06-19 00:50:19');
INSERT INTO audit_logs VALUES (24, '1', 'CREATE_BUSINESS', 'BUSINESSES', '{"name": "ROBLOX", "business_id": "BUS-1111", "registration_type": "New"}', '2026-06-19 00:51:40');
INSERT INTO audit_logs VALUES (25, '1', 'CREATE_ASSESSMENT', 'ASSESSMENTS', '{"year": 2025, "section": "e", "tax_type": "Business Tax", "business_id": "BUS-1111", "gross_sales": 200000, "tax_computed": 3993, "assessment_id": "ASS-001111"}', '2026-06-19 00:52:31');
INSERT INTO audit_logs VALUES (26, '1', 'CREATE_PAYMENT', 'PAYMENTS', '{"count": 3, "owner_id": "OWN-111", "or_number": "OR-2025-000011"}', '2026-06-19 00:54:19');
INSERT INTO audit_logs VALUES (27, '1', 'CREATE_ASSESSMENT', 'ASSESSMENTS', '{"year": 2026, "section": "e", "tax_type": "Business Tax", "business_id": "BUS-1111", "gross_sales": 60000, "tax_computed": 968, "assessment_id": "ASS-011111"}', '2026-06-19 01:17:45');
INSERT INTO audit_logs VALUES (28, '1', 'CREATE_PAYMENT', 'PAYMENTS', '{"count": 2, "owner_id": "OWN-111", "or_number": "OR-2026-000111"}', '2026-06-19 01:23:55');
INSERT INTO audit_logs VALUES (29, '1', 'CREATE_PAYMENT', 'PAYMENTS', '{"count": 3, "owner_id": "OWN-111", "or_number": "OR-2026-000111"}', '2026-06-19 02:08:14');
INSERT INTO audit_logs VALUES (30, '1', 'CREATE_PAYMENT', 'PAYMENTS', '{"count": 1, "owner_id": "OWN-001", "or_number": "OR-2026-001111"}', '2026-06-19 03:11:36');
INSERT INTO audit_logs VALUES (31, '1', 'UPDATE_PAYMENT', 'PAYMENTS', '{"payment_id": "PAY-333321"}', '2026-06-19 03:15:04');
INSERT INTO audit_logs VALUES (32, '1', 'UPDATE_PAYMENT', 'PAYMENTS', '{"payment_id": "PAY-333322"}', '2026-06-19 03:15:15');
INSERT INTO audit_logs VALUES (33, '1', 'CREATE_PAYMENT', 'PAYMENTS', '{"count": 3, "owner_id": "OWN-001", "or_number": "OR-2026-011111", "payment_type": "Cash"}', '2026-06-19 06:21:44');
INSERT INTO audit_logs VALUES (34, '1', 'CREATE_ASSESSMENT', 'ASSESSMENTS', '{"year": 2026, "section": "g", "tax_type": "Business Tax", "business_id": "BUS-011", "gross_sales": 6000, "tax_computed": 74.53, "assessment_id": "ASS-111111"}', '2026-06-19 06:36:32');
INSERT INTO audit_logs VALUES (35, '1', 'CREATE_PAYMENT', 'PAYMENTS', '{"count": 3, "owner_id": "OWN-011", "or_number": "OR-2026-011111", "payment_type": "Cash"}', '2026-06-19 06:37:42');
INSERT INTO audit_logs VALUES (36, '1', 'CREATE_PAYMENT', 'PAYMENTS', '{"count": 3, "owner_id": "OWN-001", "or_number": "OR-2026-011111", "payment_type": "Cash"}', '2026-06-19 06:39:56');
INSERT INTO audit_logs VALUES (37, '1', 'CREATE_PAYMENT', 'PAYMENTS', '{"count": 3, "owner_id": "OWN-001", "or_number": "OR-2026-011111", "payment_type": "Cash"}', '2026-06-19 06:57:29');
INSERT INTO audit_logs VALUES (38, '1', 'CREATE_ASSESSMENT', 'ASSESSMENTS', '{"year": 2024, "section": "g", "tax_type": "Business Tax", "business_id": "BUS-001", "gross_sales": 60000, "tax_computed": 1064.8, "assessment_id": "ASS-1111111"}', '2026-06-19 06:59:09');
INSERT INTO audit_logs VALUES (39, '1', 'DELETE_PAYMENT', 'PAYMENTS', '{"payment_id": "PAY-33332313332"}', '2026-06-19 07:16:55');
INSERT INTO audit_logs VALUES (40, '1', 'DELETE_PAYMENT', 'PAYMENTS', '{"payment_id": "PAY-33332313331"}', '2026-06-19 07:16:57');
INSERT INTO audit_logs VALUES (41, '1', 'DELETE_PAYMENT', 'PAYMENTS', '{"payment_id": "PAY-3333231332"}', '2026-06-19 07:16:59');
INSERT INTO audit_logs VALUES (42, '1', 'DELETE_PAYMENT', 'PAYMENTS', '{"payment_id": "PAY-3333231331"}', '2026-06-19 07:17:01');
INSERT INTO audit_logs VALUES (43, '1', 'DELETE_PAYMENT', 'PAYMENTS', '{"payment_id": "PAY-333323132"}', '2026-06-19 07:17:03');
INSERT INTO audit_logs VALUES (44, '1', 'DELETE_PAYMENT', 'PAYMENTS', '{"payment_id": "PAY-333323131"}', '2026-06-19 07:17:04');
INSERT INTO audit_logs VALUES (45, '1', 'DELETE_PAYMENT', 'PAYMENTS', '{"payment_id": "PAY-33332312"}', '2026-06-19 07:17:06');
INSERT INTO audit_logs VALUES (46, '1', 'DELETE_PAYMENT', 'PAYMENTS', '{"payment_id": "PAY-33332311"}', '2026-06-19 07:17:08');
INSERT INTO audit_logs VALUES (47, '1', 'DELETE_PAYMENT', 'PAYMENTS', '{"payment_id": "PAY-333322"}', '2026-06-19 07:17:10');
INSERT INTO audit_logs VALUES (48, '1', 'DELETE_PAYMENT', 'PAYMENTS', '{"payment_id": "PAY-333321"}', '2026-06-19 07:17:12');
INSERT INTO audit_logs VALUES (49, '1', 'DELETE_PAYMENT', 'PAYMENTS', '{"payment_id": "PAY-033331"}', '2026-06-19 07:17:14');
INSERT INTO audit_logs VALUES (50, '1', 'DELETE_PAYMENT', 'PAYMENTS', '{"payment_id": "PAY-000332"}', '2026-06-19 07:17:16');
INSERT INTO audit_logs VALUES (51, '1', 'DELETE_PAYMENT', 'PAYMENTS', '{"payment_id": "PAY-000331"}', '2026-06-19 07:17:18');
INSERT INTO audit_logs VALUES (52, '1', 'DELETE_PAYMENT', 'PAYMENTS', '{"payment_id": "PAY-000001"}', '2026-06-19 07:17:19');
INSERT INTO audit_logs VALUES (53, '1', 'DELETE_PAYMENT', 'PAYMENTS', '{"payment_id": "PAY-000002"}', '2026-06-19 07:17:21');
INSERT INTO audit_logs VALUES (54, '1', 'DELETE_PAYMENT', 'PAYMENTS', '{"payment_id": "PAY-3333231"}', '2026-06-19 07:17:23');
INSERT INTO audit_logs VALUES (55, '1', 'DELETE_PAYMENT', 'PAYMENTS', '{"payment_id": "PAY-003332"}', '2026-06-19 07:17:24');
INSERT INTO audit_logs VALUES (56, '1', 'DELETE_PAYMENT', 'PAYMENTS', '{"payment_id": "PAY-003331"}', '2026-06-19 07:17:26');
INSERT INTO audit_logs VALUES (57, '1', 'DELETE_PAYMENT', 'PAYMENTS', '{"payment_id": "PAY-000032"}', '2026-06-19 07:17:28');
INSERT INTO audit_logs VALUES (58, '1', 'DELETE_PAYMENT', 'PAYMENTS', '{"payment_id": "PAY-000031"}', '2026-06-19 07:17:30');
INSERT INTO audit_logs VALUES (59, '1', 'DELETE_ASSESSMENT', 'ASSESSMENTS', '{"assessment_id": "ASS-111111"}', '2026-06-19 07:17:35');
INSERT INTO audit_logs VALUES (60, '1', 'DELETE_ASSESSMENT', 'ASSESSMENTS', '{"assessment_id": "ASS-011111"}', '2026-06-19 07:17:37');
INSERT INTO audit_logs VALUES (61, '1', 'DELETE_ASSESSMENT', 'ASSESSMENTS', '{"assessment_id": "ASS-000111"}', '2026-06-19 07:17:39');
INSERT INTO audit_logs VALUES (62, '1', 'DELETE_BUSINESS', 'BUSINESSES', '{"business_id": "BUS-111"}', '2026-06-19 07:17:49');
INSERT INTO audit_logs VALUES (63, '1', 'DELETE_BUSINESS', 'BUSINESSES', '{"business_id": "BUS-011"}', '2026-06-19 07:17:51');
INSERT INTO audit_logs VALUES (64, '1', 'DELETE_BUSINESS', 'BUSINESSES', '{"business_id": "BUS-001"}', '2026-06-19 07:17:58');
INSERT INTO audit_logs VALUES (65, '1', 'DELETE_BUSINESS', 'BUSINESSES', '{"business_id": "BUS-1111"}', '2026-06-19 07:18:04');
INSERT INTO audit_logs VALUES (66, '1', 'CREATE_BUSINESS', 'BUSINESSES', '{"name": "PIKOLAN", "business_id": "BUS-001", "registration_type": "New"}', '2026-06-19 07:37:36');
INSERT INTO audit_logs VALUES (67, '1', 'CREATE_ASSESSMENT', 'ASSESSMENTS', '{"year": 2025, "section": "g", "tax_type": "Business Tax", "business_id": "BUS-001", "gross_sales": 30000, "tax_computed": 465.85, "assessment_id": "ASS-000001"}', '2026-06-19 07:39:31');
INSERT INTO audit_logs VALUES (68, '1', 'CREATE_ASSESSMENT', 'ASSESSMENTS', '{"year": 2026, "section": "g", "tax_type": "Business Tax", "business_id": "BUS-001", "gross_sales": 25000, "tax_computed": 332.75, "assessment_id": "ASS-000011"}', '2026-06-19 07:53:18');
INSERT INTO audit_logs VALUES (69, '1', 'CREATE_PAYMENT', 'PAYMENTS', '{"count": 3, "owner_id": "OWN-011", "or_number": "OR-2026-000001", "payment_type": "Cash"}', '2026-06-19 07:54:30');
INSERT INTO audit_logs VALUES (70, '1', 'CREATE_PAYMENT', 'PAYMENTS', '{"count": 3, "owner_id": "OWN-011", "or_number": "OR-2026-000001", "payment_type": "Cash"}', '2026-06-19 07:55:18');
INSERT INTO audit_logs VALUES (71, '1', 'LOGIN', 'AUTH', '{"username": "admin"}', '2026-06-22 02:22:47');
INSERT INTO audit_logs VALUES (72, '1', 'LOGIN', 'AUTH', '{"username": "admin"}', '2026-06-22 02:23:08');
INSERT INTO audit_logs VALUES (73, '1', 'CREATE_OWNER', 'OWNERS', '{"name": "EARL JOHN", "owner_id": "OWN-1111"}', '2026-06-22 02:54:40');
INSERT INTO audit_logs VALUES (74, '1', 'CREATE_BUSINESS', 'BUSINESSES', '{"name": "GARMIN", "business_id": "BUS-011", "registration_type": "New"}', '2026-06-22 02:56:19');
INSERT INTO audit_logs VALUES (75, '1', 'CREATE_ASSESSMENT', 'ASSESSMENTS', '{"year": 2026, "section": "b", "tax_type": "Business Tax", "business_id": "BUS-011", "gross_sales": 200000, "tax_computed": 3630, "assessment_id": "ASS-000111"}', '2026-06-22 02:57:09');
INSERT INTO audit_logs VALUES (76, '1', 'CREATE_PAYMENT', 'PAYMENTS', '{"count": 3, "owner_id": "OWN-001", "or_number": "OR-2026-000001", "payment_type": "Cash"}', '2026-06-22 02:58:16');
INSERT INTO audit_logs VALUES (77, '1', 'CREATE_PAYMENT', 'PAYMENTS', '{"count": 1, "owner_id": "OWN-011", "or_number": "OR-2026-000011", "payment_type": "Cash"}', '2026-06-22 02:58:32');
INSERT INTO audit_logs VALUES (78, '1', 'DELETE_BUSINESS', 'BUSINESSES', '{"business_id": "BUS-001"}', '2026-06-22 02:59:17');
INSERT INTO audit_logs VALUES (79, '1', 'DELETE_PAYMENT', 'PAYMENTS', '{"payment_id": "PAY-003331"}', '2026-06-22 02:59:22');
INSERT INTO audit_logs VALUES (80, '1', 'DELETE_PAYMENT', 'PAYMENTS', '{"payment_id": "PAY-000032"}', '2026-06-22 02:59:26');
INSERT INTO audit_logs VALUES (81, '1', 'CREATE_BUSINESS', 'BUSINESSES', '{"name": "nhigasz ", "business_id": "BUS-111", "registration_type": "New"}', '2026-06-22 07:49:29');
INSERT INTO audit_logs VALUES (82, '1', 'CREATE_ASSESSMENT', 'ASSESSMENTS', '{"year": 2025, "section": "g", "tax_type": "Business Tax", "business_id": "BUS-111", "gross_sales": 78500, "tax_computed": 1597.2, "assessment_id": "ASS-001111"}', '2026-06-22 07:50:24');
INSERT INTO audit_logs VALUES (83, '1', 'CREATE_PAYMENT', 'PAYMENTS', '{"count": 3, "owner_id": "OWN-1111", "or_number": "OR-2026-000011", "payment_type": "Cash"}', '2026-06-22 07:50:51');
INSERT INTO audit_logs VALUES (84, '1', 'LOGIN', 'AUTH', '{"username": "admin"}', '2026-06-23 00:25:31');
INSERT INTO audit_logs VALUES (85, '1', 'CREATE_ASSESSMENT', 'ASSESSMENTS', '{"year": 2025, "section": "b", "tax_type": "Business Tax", "business_id": "BUS-011", "gross_sales": 60000, "tax_computed": 1089, "assessment_id": "ASS-011111"}', '2026-06-23 00:28:33');
INSERT INTO audit_logs VALUES (86, '1', 'LOGIN', 'AUTH', '{"username": "admin"}', '2026-06-24 00:32:33');
INSERT INTO audit_logs VALUES (87, '1', 'CREATE_BUSINESS', 'BUSINESSES', '{"name": "SALON", "business_id": "BUS-1111", "registration_type": "New"}', '2026-06-24 00:38:52');
INSERT INTO audit_logs VALUES (88, '1', 'CREATE_ASSESSMENT', 'ASSESSMENTS', '{"year": 2024, "section": "g", "tax_type": "Business Tax", "business_id": "BUS-1111", "gross_sales": 85000, "tax_computed": 1597.2, "assessment_id": "ASS-111111"}', '2026-06-24 00:39:36');
INSERT INTO audit_logs VALUES (89, '1', 'CREATE_PAYMENT', 'PAYMENTS', '{"count": 1, "owner_id": "OWN-1111", "or_number": "OR-2026-000111", "payment_type": "Cash"}', '2026-06-24 02:55:58');
INSERT INTO audit_logs VALUES (90, '1', 'CREATE_OWNER', 'OWNERS', '{"name": "BERN", "owner_id": "OWN-11111"}', '2026-06-24 03:08:47');
INSERT INTO audit_logs VALUES (91, '1', 'CREATE_BUSINESS', 'BUSINESSES', '{"name": "MECURY", "business_id": "BUS-11111", "registration_type": "New"}', '2026-06-24 03:12:50');
INSERT INTO audit_logs VALUES (92, '1', 'CREATE_ASSESSMENT', 'ASSESSMENTS', '{"year": 2024, "section": "g", "tax_type": "Business Tax", "business_id": "BUS-11111", "gross_sales": 200000, "tax_computed": 4392.3, "assessment_id": "ASS-1111111"}', '2026-06-24 03:13:22');
INSERT INTO audit_logs VALUES (93, '1', 'CREATE_PAYMENT', 'PAYMENTS', '{"count": 3, "owner_id": "OWN-11111", "or_number": "OR-2024-000001", "payment_type": "Cash"}', '2026-06-24 03:14:14');
INSERT INTO audit_logs VALUES (94, '1', 'CREATE_ASSESSMENT', 'ASSESSMENTS', '{"year": 2025, "section": "g", "tax_type": "Business Tax", "business_id": "BUS-11111", "gross_sales": 250000, "tax_computed": 5590.2, "assessment_id": "ASS-11111111"}', '2026-06-24 03:15:09');
INSERT INTO audit_logs VALUES (95, '1', 'CREATE_PAYMENT', 'PAYMENTS', '{"count": 3, "owner_id": "OWN-11111", "or_number": "OR-2026-001111", "payment_type": "Cash"}', '2026-06-24 03:15:28');
INSERT INTO audit_logs VALUES (96, '1', 'CREATE_ASSESSMENT', 'ASSESSMENTS', '{"year": 2027, "section": "b", "tax_type": "Business Tax", "business_id": "BUS-011", "gross_sales": 20000, "tax_computed": 363, "assessment_id": "ASS-111111111", "payment_frequency": "Quarterly"}', '2026-06-24 03:50:23');
INSERT INTO audit_logs VALUES (97, '1', 'CREATE_BUSINESS', 'BUSINESSES', '{"name": "BERN STORE", "business_id": "BUS-111111", "registration_type": "New"}', '2026-06-24 03:55:47');
INSERT INTO audit_logs VALUES (98, '1', 'LOGIN', 'AUTH', '{"username": "admin"}', '2026-06-24 04:30:39');
INSERT INTO audit_logs VALUES (99, '1', 'CREATE_ASSESSMENT', 'ASSESSMENTS', '{"year": 2023, "section": "b", "tax_type": "Business Tax", "business_id": "BUS-111111", "gross_sales": 25000, "tax_computed": 363, "assessment_id": "ASS-1111111111", "payment_frequency": "Quarterly"}', '2026-06-24 05:01:48');
INSERT INTO audit_logs VALUES (100, '1', 'CREATE_PAYMENT', 'PAYMENTS', '{"count": 3, "owner_id": "OWN-11111", "or_number": "OR-2026-011111", "payment_type": "Cash"}', '2026-06-24 05:02:14');
INSERT INTO audit_logs VALUES (101, '1', 'CREATE_PAYMENT', 'PAYMENTS', '{"count": 1, "owner_id": "OWN-11111", "or_number": "OR-2026-111111", "payment_type": "Cash"}', '2026-06-24 05:02:29');
INSERT INTO audit_logs VALUES (102, '1', 'CREATE_PAYMENT', 'PAYMENTS', '{"count": 1, "owner_id": "OWN-11111", "or_number": "OR-2026-1111111", "payment_type": "Cash"}', '2026-06-24 05:02:38');
INSERT INTO audit_logs VALUES (103, '1', 'CREATE_PAYMENT', 'PAYMENTS', '{"count": 1, "owner_id": "OWN-11111", "or_number": "OR-2026-11111111", "payment_type": "Cash"}', '2026-06-24 05:02:51');
INSERT INTO audit_logs VALUES (104, '1', 'CREATE_PAYMENT', 'PAYMENTS', '{"count": 1, "owner_id": "OWN-1111", "or_number": "OR-2026-111111111", "payment_type": "Cash"}', '2026-06-24 05:16:12');
INSERT INTO audit_logs VALUES (105, '1', 'CREATE_PAYMENT', 'PAYMENTS', '{"count": 1, "owner_id": "OWN-001", "or_number": "OR-2026-1111111111", "payment_type": "Cash"}', '2026-06-24 05:16:18');
INSERT INTO audit_logs VALUES (106, '1', 'CREATE_ASSESSMENT', 'ASSESSMENTS', '{"year": 2025, "section": "b", "tax_type": "Business Tax", "business_id": "BUS-111111", "gross_sales": 60000, "tax_computed": 1089, "assessment_id": "ASS-11111111111", "payment_frequency": "Semi-Annual"}', '2026-06-24 05:18:57');
INSERT INTO audit_logs VALUES (107, '1', 'CREATE_PAYMENT', 'PAYMENTS', '{"count": 2, "owner_id": "OWN-11111", "or_number": "OR-2026-11111111111", "payment_type": "Cash"}', '2026-06-24 05:19:18');
INSERT INTO audit_logs VALUES (108, '1', 'LOGIN', 'AUTH', '{"username": "admin"}', '2026-06-25 00:43:11');
INSERT INTO audit_logs VALUES (109, '1', 'CREATE_PAYMENT', 'PAYMENTS', '{"count": 1, "owner_id": "OWN-11111", "or_number": "OR-2026-111111111111", "payment_type": "Cash"}', '2026-06-25 00:58:55');
INSERT INTO audit_logs VALUES (110, '1', 'CREATE_PAYMENT', 'PAYMENTS', '{"count": 1, "owner_id": "OWN-11111", "or_number": "OR-2026-1111111111111", "payment_type": "Cash"}', '2026-06-25 00:59:02');
INSERT INTO audit_logs VALUES (111, '1', 'LOGIN', 'AUTH', '{"username": "admin"}', '2026-06-25 03:05:13');
INSERT INTO audit_logs VALUES (112, '1', 'LOGIN', 'AUTH', '{"username": "admin"}', '2026-06-25 03:21:19');
INSERT INTO audit_logs VALUES (113, '1', 'LOGIN', 'AUTH', '{"username": "admin"}', '2026-06-25 03:33:08');
INSERT INTO audit_logs VALUES (114, '1', 'LOGIN', 'AUTH', '{"username": "admin"}', '2026-06-25 03:36:12');
INSERT INTO audit_logs VALUES (115, '1', 'LOGIN', 'AUTH', '{"username": "admin"}', '2026-06-25 03:48:31');
INSERT INTO audit_logs VALUES (116, '1', 'CREATE_ASSESSMENT', 'ASSESSMENTS', '{"year": 2026, "section": "b", "tax_type": "Business Tax", "business_id": "BUS-111111", "gross_sales": 95000, "tax_computed": 1452, "assessment_id": "ASS-111111111111", "payment_frequency": "Annual"}', '2026-06-25 03:50:20');
INSERT INTO audit_logs VALUES (117, '1', 'CREATE_PAYMENT', 'PAYMENTS', '{"count": 1, "owner_id": "OWN-11111", "or_number": "OR-2026-11111111111111", "payment_type": "Cash"}', '2026-06-25 03:55:52');
INSERT INTO audit_logs VALUES (118, '1', 'LOGIN', 'AUTH', '{"username": "admin"}', '2026-06-25 05:19:14');
INSERT INTO audit_logs VALUES (119, '1', 'CREATE_USER', 'USER_MANAGEMENT', '{"created_by": "admin", "created_username": "JEFF"}', '2026-06-25 05:51:54');
INSERT INTO audit_logs VALUES (120, '1', 'LOGIN', 'AUTH', '{"username": "admin"}', '2026-06-25 05:52:11');
INSERT INTO audit_logs VALUES (121, '3', 'LOGIN', 'AUTH', '{"username": "JEFF"}', '2026-06-25 05:52:22');
INSERT INTO audit_logs VALUES (122, '1', 'LOGIN', 'AUTH', '{"username": "admin"}', '2026-06-25 05:52:53');
INSERT INTO audit_logs VALUES (123, '1', 'LOGIN', 'AUTH', '{"username": "admin"}', '2026-06-25 06:15:23');
INSERT INTO audit_logs VALUES (124, '3', 'LOGIN', 'AUTH', '{"username": "JEFF"}', '2026-06-25 06:32:59');
INSERT INTO audit_logs VALUES (125, '1', 'LOGIN', 'AUTH', '{"username": "admin"}', '2026-06-25 06:44:42');
INSERT INTO audit_logs VALUES (126, '1', 'CREATE_OWNER', 'OWNERS', '{"name": "Lola", "owner_id": "OWN-111111"}', '2026-06-25 06:45:12');
INSERT INTO audit_logs VALUES (127, '1', 'CREATE_BUSINESS', 'BUSINESSES', '{"name": "LOLA EATERY", "business_id": "BUS-1111111", "registration_type": "New"}', '2026-06-25 06:46:14');
INSERT INTO audit_logs VALUES (128, '1', 'CREATE_ASSESSMENT', 'ASSESSMENTS', '{"year": 2016, "section": "g", "tax_type": "Business Tax", "business_id": "BUS-1111111", "gross_sales": 30000, "tax_computed": 465.85, "assessment_id": "ASS-1111111111111", "payment_frequency": "Annual"}', '2026-06-25 06:46:37');
INSERT INTO audit_logs VALUES (129, '1', 'LOGIN', 'AUTH', '{"username": "admin"}', '2026-06-25 07:07:54');
INSERT INTO audit_logs VALUES (130, '1', 'CREATE_PAYMENT', 'PAYMENTS', '{"count": 1, "owner_id": "OWN-111111", "or_number": "OR-2026-001111", "payment_type": "Cash"}', '2026-06-25 07:17:12');
INSERT INTO audit_logs VALUES (131, '3', 'LOGIN_FAILED', 'AUTH', '{"reason": "wrong_password", "username": "JEFF"}', '2026-06-25 08:27:49');
INSERT INTO audit_logs VALUES (132, '1', 'LOGIN', 'AUTH', '{"username": "admin"}', '2026-06-25 08:28:03');
INSERT INTO audit_logs VALUES (133, '3', 'LOGIN_FAILED', 'AUTH', '{"reason": "wrong_password", "username": "JEFF"}', '2026-06-25 08:28:20');
INSERT INTO audit_logs VALUES (134, '3', 'LOGIN_FAILED', 'AUTH', '{"reason": "wrong_password", "username": "JEFF"}', '2026-06-25 08:28:28');
INSERT INTO audit_logs VALUES (135, '3', 'LOGIN_FAILED', 'AUTH', '{"reason": "wrong_password", "username": "JEFF"}', '2026-06-25 08:28:30');
INSERT INTO audit_logs VALUES (136, '3', 'LOGIN_FAILED', 'AUTH', '{"reason": "wrong_password", "username": "JEFF"}', '2026-06-25 08:28:32');
INSERT INTO audit_logs VALUES (137, '1', 'LOGIN', 'AUTH', '{"username": "admin"}', '2026-06-25 08:29:15');
INSERT INTO audit_logs VALUES (138, '1', 'DEACTIVATE_USER', 'USER_MANAGEMENT', '{"target_user_id": "3"}', '2026-06-25 08:29:21');
INSERT INTO audit_logs VALUES (139, '1', 'LOGIN', 'AUTH', '{"username": "admin"}', '2026-06-26 00:56:42');
INSERT INTO audit_logs VALUES (140, '1', 'CREATE_OWNER', 'OWNERS', '{"name": "EARL JOHN", "owner_id": "OWN-001"}', '2026-06-26 00:57:30');
INSERT INTO audit_logs VALUES (141, '1', 'CREATE_BUSINESS', 'BUSINESSES', '{"name": "EARL EATERY", "business_id": "BUS-001", "registration_type": "New"}', '2026-06-26 00:59:01');
INSERT INTO audit_logs VALUES (142, '1', 'CREATE_ASSESSMENT', 'ASSESSMENTS', '{"year": 2020, "section": "g", "tax_type": "Business Tax", "business_id": "BUS-001", "gross_sales": 25000, "tax_computed": 332.75, "assessment_id": "ASS-000001", "payment_frequency": "Annual"}', '2026-06-26 01:01:10');
INSERT INTO audit_logs VALUES (143, '1', 'CREATE_PAYMENT', 'PAYMENTS', '{"count": 3, "owner_id": "OWN-001", "or_number": "OR-2020-000001", "payment_type": "Cash"}', '2026-06-26 01:02:18');
INSERT INTO audit_logs VALUES (144, '1', 'LOGIN', 'AUTH', '{"username": "admin"}', '2026-06-26 03:21:41');
INSERT INTO audit_logs VALUES (145, '1', 'LOGIN', 'AUTH', '{"username": "admin"}', '2026-06-26 03:51:37');
INSERT INTO audit_logs VALUES (146, '1', 'LOGIN', 'AUTH', '{"username": "admin"}', '2026-06-26 06:30:19');
INSERT INTO audit_logs VALUES (147, '1', 'LOGIN', 'AUTH', '{"username": "admin"}', '2026-06-26 07:43:19');
INSERT INTO audit_logs VALUES (148, '1', 'LOGIN', 'AUTH', '{"username": "admin"}', '2026-06-26 08:03:43');
INSERT INTO audit_logs VALUES (149, '1', 'LOGIN', 'AUTH', '{"username": "admin"}', '2026-06-26 08:21:34');
INSERT INTO audit_logs VALUES (150, '1', 'LOGIN', 'AUTH', '{"username": "admin"}', '2026-06-29 01:26:15');
INSERT INTO audit_logs VALUES (151, '1', 'CREATE_ASSESSMENT', 'ASSESSMENTS', '{"year": 2021, "section": "g", "tax_type": "Business Tax", "business_id": "BUS-001", "gross_sales": 56800, "tax_computed": 1064.8, "assessment_id": "ASS-000011", "payment_frequency": "Annual"}', '2026-06-29 01:28:45');
INSERT INTO audit_logs VALUES (152, '1', 'CREATE_PAYMENT', 'PAYMENTS', '{"count": 3, "owner_id": "OWN-001", "or_number": "OR-2026-000001", "payment_type": "Cash"}', '2026-06-29 01:29:13');
INSERT INTO audit_logs VALUES (153, '1', 'DELETE_PAYMENT', 'PAYMENTS', '{"payment_id": "PAY-000031"}', '2026-06-29 01:29:51');
INSERT INTO audit_logs VALUES (154, '1', 'DELETE_PAYMENT', 'PAYMENTS', '{"payment_id": "PAY-000032"}', '2026-06-29 01:29:56');
INSERT INTO audit_logs VALUES (155, '1', 'DELETE_ASSESSMENT', 'ASSESSMENTS', '{"assessment_id": "ASS-000011"}', '2026-06-29 01:30:05');
INSERT INTO audit_logs VALUES (156, '1', 'DELETE_PAYMENT', 'PAYMENTS', '{"payment_id": "PAY-000033"}', '2026-06-29 01:30:12');
INSERT INTO audit_logs VALUES (157, '1', 'DELETE_PAYMENT', 'PAYMENTS', '{"payment_id": "PAY-000001"}', '2026-06-29 01:30:16');
INSERT INTO audit_logs VALUES (158, '1', 'LOGIN', 'AUTH', '{"username": "admin"}', '2026-06-29 01:54:39');
INSERT INTO audit_logs VALUES (159, '1', 'CREATE_OWNER', 'OWNERS', '{"name": "ANGELES VELNALON", "owner_id": "OWN-011"}', '2026-06-29 02:23:43');
INSERT INTO audit_logs VALUES (160, '1', 'CREATE_BUSINESS', 'BUSINESSES', '{"name": "FISH VENDOR", "business_id": "BUS-011", "registration_type": "New"}', '2026-06-29 02:25:41');
INSERT INTO audit_logs VALUES (161, '1', 'CREATE_ASSESSMENT', 'ASSESSMENTS', '{"year": 2025, "section": "d", "tax_type": "Business Tax", "business_id": "BUS-011", "gross_sales": 3000, "tax_computed": 60, "assessment_id": "ASS-000011", "payment_frequency": "Annual"}', '2026-06-29 02:26:32');
INSERT INTO audit_logs VALUES (162, '1', 'CREATE_PAYMENT', 'PAYMENTS', '{"count": 3, "owner_id": "OWN-011", "or_number": "OR-2025-000001", "payment_type": "Cash"}', '2026-06-29 02:33:31');
INSERT INTO audit_logs VALUES (163, '1', 'CREATE_ASSESSMENT', 'ASSESSMENTS', '{"year": 2026, "section": "d", "tax_type": "Business Tax", "business_id": "BUS-011", "gross_sales": 3000, "tax_computed": 60, "assessment_id": "ASS-000111", "payment_frequency": "Annual"}', '2026-06-29 02:36:13');
INSERT INTO audit_logs VALUES (164, '1', 'CREATE_PAYMENT', 'PAYMENTS', '{"count": 3, "owner_id": "OWN-011", "or_number": "OR-2026-000001", "payment_type": "Cash"}', '2026-06-29 02:38:23');
INSERT INTO audit_logs VALUES (165, '1', 'CREATE_OWNER', 'OWNERS', '{"name": "ARJEY TRUCKING SERVICES", "owner_id": "OWN-111"}', '2026-06-29 02:48:18');
INSERT INTO audit_logs VALUES (166, '1', 'CREATE_BUSINESS', 'BUSINESSES', '{"name": "TRUCKING SERVICES", "business_id": "BUS-111", "registration_type": "New"}', '2026-06-29 02:57:37');
INSERT INTO audit_logs VALUES (167, '1', 'UPDATE_BUSINESS', 'BUSINESSES', '{"business_id": "BUS-111"}', '2026-06-29 02:58:51');
INSERT INTO audit_logs VALUES (168, '1', 'CREATE_BUSINESS', 'BUSINESSES', '{"name": "PAYLOADER", "business_id": "BUS-1111", "registration_type": "New"}', '2026-06-29 02:59:29');
INSERT INTO audit_logs VALUES (169, '1', 'CREATE_ASSESSMENT', 'ASSESSMENTS', '{"year": 2024, "section": "e", "tax_type": "Business Tax", "business_id": "BUS-111", "gross_sales": 50000, "tax_computed": 968, "assessment_id": "ASS-001111", "payment_frequency": "Annual"}', '2026-06-29 04:53:26');
INSERT INTO audit_logs VALUES (170, '1', 'CREATE_PAYMENT', 'PAYMENTS', '{"count": 1, "owner_id": "OWN-111", "or_number": "OR-2026-000001", "payment_type": "Cash"}', '2026-06-29 05:09:04');
INSERT INTO audit_logs VALUES (171, '1', 'CREATE_OWNER', 'OWNERS', '{"name": "AVT COMMERCIAL ", "owner_id": "OWN-1111"}', '2026-06-29 05:24:08');
INSERT INTO audit_logs VALUES (172, NULL, 'LOGIN_FAILED', 'AUTH', '{"reason": "inactive_account", "username": "JEFF"}', '2026-06-29 05:40:48');
INSERT INTO audit_logs VALUES (173, NULL, 'LOGIN_FAILED', 'AUTH', '{"reason": "inactive_account", "username": "JEFF"}', '2026-06-29 05:40:51');
INSERT INTO audit_logs VALUES (174, NULL, 'LOGIN_FAILED', 'AUTH', '{"reason": "inactive_account", "username": "JEFF"}', '2026-06-29 05:40:53');
INSERT INTO audit_logs VALUES (175, NULL, 'LOGIN_FAILED', 'AUTH', '{"reason": "inactive_account", "username": "JEFF"}', '2026-06-29 05:40:58');
INSERT INTO audit_logs VALUES (176, NULL, 'LOGIN_FAILED', 'AUTH', '{"reason": "inactive_account", "username": "JEFF"}', '2026-06-29 05:41:05');
INSERT INTO audit_logs VALUES (177, '1', 'LOGIN', 'AUTH', '{"username": "admin"}', '2026-06-29 05:41:12');
INSERT INTO audit_logs VALUES (178, '1', 'LOGIN', 'AUTH', '{"username": "admin"}', '2026-06-29 06:11:08');
INSERT INTO audit_logs VALUES (179, '1', 'CREATE_BUSINESS', 'BUSINESSES', '{"name": "GOOD HANDS AGRIC''L TRADING CORP", "business_id": "BUS-1111", "registration_type": "New"}', '2026-06-29 06:35:37');
INSERT INTO audit_logs VALUES (180, '1', 'UPDATE_BUSINESS', 'BUSINESSES', '{"business_id": "BUS-1111"}', '2026-06-29 06:35:45');
INSERT INTO audit_logs VALUES (181, '1', 'UPDATE_BUSINESS', 'BUSINESSES', '{"business_id": "BUS-1111"}', '2026-06-29 06:36:13');
INSERT INTO audit_logs VALUES (182, '1', 'CREATE_ASSESSMENT', 'ASSESSMENTS', '{"year": 2012, "section": "b", "tax_type": "Business Tax", "business_id": "BUS-1111", "gross_sales": 54963.95, "tax_computed": 1089, "assessment_id": "ASS-011111", "payment_frequency": "Annual"}', '2026-06-29 06:38:02');
INSERT INTO audit_logs VALUES (183, '1', 'CREATE_PAYMENT', 'PAYMENTS', '{"count": 3, "owner_id": "OWN-1111", "or_number": "OR-2012-000001", "payment_type": "Cash"}', '2026-06-29 06:51:57');
INSERT INTO audit_logs VALUES (184, '1', 'CREATE_ASSESSMENT', 'ASSESSMENTS', '{"year": 2020, "section": "b", "tax_type": "Business Tax", "business_id": "BUS-1111", "gross_sales": 68750, "tax_computed": 1089, "assessment_id": "ASS-111111", "payment_frequency": "Quarterly"}', '2026-06-29 07:43:01');
INSERT INTO audit_logs VALUES (185, '1', 'CREATE_PAYMENT', 'PAYMENTS', '{"count": 3, "owner_id": "OWN-1111", "or_number": "OR-2020-000011", "payment_type": "Cash"}', '2026-06-29 07:44:53');
INSERT INTO audit_logs VALUES (186, '1', 'CREATE_PAYMENT', 'PAYMENTS', '{"count": 1, "owner_id": "OWN-1111", "or_number": "OR-2020-000011", "payment_type": "Cash"}', '2026-06-29 07:46:07');
INSERT INTO audit_logs VALUES (187, '1', 'LOGIN_FAILED', 'AUTH', '{"reason": "wrong_password", "username": "admin"}', '2026-06-29 13:36:52');
INSERT INTO audit_logs VALUES (188, '1', 'LOGIN', 'AUTH', '{"username": "admin"}', '2026-06-29 13:37:10');
INSERT INTO audit_logs VALUES (189, '1', 'LOGIN', 'AUTH', '{"username": "admin"}', '2026-06-30 00:10:16');
INSERT INTO audit_logs VALUES (190, '1', 'LOGIN', 'AUTH', '{"username": "admin"}', '2026-06-30 03:35:56');
INSERT INTO audit_logs VALUES (191, '1', 'LOGIN', 'AUTH', '{"username": "admin"}', '2026-06-30 04:04:09');
INSERT INTO audit_logs VALUES (192, '1', 'LOGIN', 'AUTH', '{"username": "admin"}', '2026-06-30 06:41:35');
INSERT INTO audit_logs VALUES (193, NULL, 'LOGIN_FAILED', 'AUTH', '{"reason": "unknown_username", "username": "admin123"}', '2026-06-30 06:43:44');
INSERT INTO audit_logs VALUES (194, '1', 'LOGIN', 'AUTH', '{"username": "admin"}', '2026-06-30 06:43:57');
INSERT INTO audit_logs VALUES (195, '1', 'LOGIN', 'AUTH', '{"username": "admin"}', '2026-06-30 06:50:17');
INSERT INTO audit_logs VALUES (196, '1', 'LOGIN', 'AUTH', '{"username": "admin"}', '2026-06-30 06:55:12');
INSERT INTO audit_logs VALUES (197, '1', 'LOGIN', 'AUTH', '{"username": "admin"}', '2026-06-30 07:08:36');
INSERT INTO audit_logs VALUES (198, '1', 'LOGIN', 'AUTH', '{"username": "admin"}', '2026-06-30 07:29:29');
INSERT INTO audit_logs VALUES (199, '1', 'CREATE_ASSESSMENT', 'ASSESSMENTS', '{"year": 2023, "section": "e", "tax_type": "Business Tax", "business_id": "BUS-004", "gross_sales": 45000, "tax_computed": 605, "assessment_id": "ASS-111112", "payment_frequency": "Annual"}', '2026-06-30 08:05:26');
INSERT INTO audit_logs VALUES (200, '1', 'RECORD_PAYMENT', 'PAYMENTS', '{"owner_id": "OWN-111", "or_number": "OR-2026-000001", "item_count": 1, "grand_total": 756.25}', '2026-06-30 08:43:28');
INSERT INTO audit_logs VALUES (201, '1', 'DELETE_PAYMENT', 'PAYMENTS', '{"or_number": "3848092", "payment_id": "PAY-000039", "total_paid": "1170.00"}', '2026-06-30 08:54:39');
INSERT INTO audit_logs VALUES (202, '1', 'DELETE_PAYMENT', 'PAYMENTS', '{"or_number": "35/PERSON", "payment_id": "PAY-000036", "total_paid": "410.00"}', '2026-06-30 08:54:40');
INSERT INTO audit_logs VALUES (203, '1', 'DELETE_PAYMENT', 'PAYMENTS', '{"or_number": "981646", "payment_id": "PAY-000333", "total_paid": "205.00"}', '2026-06-30 08:54:42');
INSERT INTO audit_logs VALUES (204, '1', 'DELETE_PAYMENT', 'PAYMENTS', '{"or_number": "OR-2025-000001", "payment_id": "PAY-000033", "total_paid": "205.00"}', '2026-06-30 08:54:44');
INSERT INTO audit_logs VALUES (205, '1', 'DELETE_PAYMENT', 'PAYMENTS', '{"or_number": "OR-2020-000001", "payment_id": "PAY-000003", "total_paid": "1500.00"}', '2026-06-30 08:54:46');
INSERT INTO audit_logs VALUES (206, '1', 'DELETE_PAYMENT', 'PAYMENTS', '{"or_number": "OR-2026-000001", "payment_id": "PAY-2026-000001", "total_paid": "756.25"}', '2026-06-30 08:54:52');
INSERT INTO audit_logs VALUES (207, '1', 'DELETE_PAYMENT', 'PAYMENTS', '{"or_number": "4234851", "payment_id": "PAY-000040", "total_paid": "272.25"}', '2026-06-30 08:54:59');
INSERT INTO audit_logs VALUES (208, '1', 'DELETE_PAYMENT', 'PAYMENTS', '{"or_number": "3848092", "payment_id": "PAY-000037", "total_paid": "272.25"}', '2026-06-30 08:55:00');
INSERT INTO audit_logs VALUES (209, '1', 'DELETE_PAYMENT', 'PAYMENTS', '{"or_number": "3848092", "payment_id": "PAY-000038", "total_paid": "110.00"}', '2026-06-30 08:55:02');
INSERT INTO audit_logs VALUES (210, '1', 'DELETE_PAYMENT', 'PAYMENTS', '{"or_number": "6177218", "payment_id": "PAY-000034", "total_paid": "1089.00"}', '2026-06-30 08:55:04');
INSERT INTO audit_logs VALUES (211, '1', 'DELETE_PAYMENT', 'PAYMENTS', '{"or_number": "6177218", "payment_id": "PAY-000035", "total_paid": "100.00"}', '2026-06-30 08:55:05');
INSERT INTO audit_logs VALUES (212, '1', 'DELETE_PAYMENT', 'PAYMENTS', '{"or_number": "981646", "payment_id": "PAY-000331", "total_paid": "75.00"}', '2026-06-30 08:55:07');
INSERT INTO audit_logs VALUES (213, '1', 'DELETE_PAYMENT', 'PAYMENTS', '{"or_number": "981646", "payment_id": "PAY-000332", "total_paid": "75.00"}', '2026-06-30 08:55:09');
INSERT INTO audit_logs VALUES (214, '1', 'DELETE_PAYMENT', 'PAYMENTS', '{"or_number": "9267962", "payment_id": "PAY-000031", "total_paid": "75.00"}', '2026-06-30 08:55:11');
INSERT INTO audit_logs VALUES (215, '1', 'DELETE_PAYMENT', 'PAYMENTS', '{"or_number": "9267962", "payment_id": "PAY-000032", "total_paid": "75.00"}', '2026-06-30 08:55:12');
INSERT INTO audit_logs VALUES (216, '1', 'DELETE_PAYMENT', 'PAYMENTS', '{"or_number": "OR-2020-000001", "payment_id": "PAY-000002", "total_paid": "75.00"}', '2026-06-30 08:55:14');
INSERT INTO audit_logs VALUES (217, '1', 'DELETE_ASSESSMENT', 'ASSESSMENTS', '{"assessment_id": "ASS-000111"}', '2026-06-30 08:55:27');
INSERT INTO audit_logs VALUES (218, '1', 'LOGIN', 'AUTH', '{"username": "admin"}', '2026-07-01 01:38:55');
INSERT INTO audit_logs VALUES (219, '1', 'DELETE_ASSESSMENT', 'ASSESSMENTS', '{"assessment_id": "ASS-000011"}', '2026-07-01 02:39:56');
INSERT INTO audit_logs VALUES (220, '1', 'DELETE_ASSESSMENT', 'ASSESSMENTS', '{"assessment_id": "ASS-001111"}', '2026-07-01 02:40:45');
INSERT INTO audit_logs VALUES (221, '1', 'LOGIN', 'AUTH', '{"username": "admin"}', '2026-07-01 02:56:59');
INSERT INTO audit_logs VALUES (222, '1', 'DELETE_ASSESSMENT', 'ASSESSMENTS', '{"assessment_id": "ASS-111112"}', '2026-07-01 02:57:08');
INSERT INTO audit_logs VALUES (223, '1', 'DELETE_ASSESSMENT', 'ASSESSMENTS', '{"assessment_id": "ASS-111111"}', '2026-07-01 02:57:10');
INSERT INTO audit_logs VALUES (224, '1', 'DELETE_ASSESSMENT', 'ASSESSMENTS', '{"assessment_id": "ASS-000001"}', '2026-07-01 02:57:12');
INSERT INTO audit_logs VALUES (225, '1', 'DELETE_ASSESSMENT', 'ASSESSMENTS', '{"assessment_id": "ASS-011111"}', '2026-07-01 02:57:14');
INSERT INTO audit_logs VALUES (226, '1', 'CREATE_ASSESSMENT', 'ASSESSMENTS', '{"year": 2024, "section": "e", "tax_type": "Business Tax", "business_id": "BUS-111", "gross_sales": 250456.65, "tax_computed": 5082, "assessment_id": "ASS-000001", "payment_frequency": "Annual"}', '2026-07-01 02:58:21');
INSERT INTO audit_logs VALUES (227, '1', 'RECORD_PAYMENT', 'PAYMENTS', '{"owner_id": "OWN-111", "or_number": "4589658", "item_count": 3, "grand_total": 6057}', '2026-07-01 03:00:30');
INSERT INTO audit_logs VALUES (228, '1', 'CREATE_ASSESSMENT', 'ASSESSMENTS', '{"year": 2025, "section": "e", "tax_type": "Business Tax", "business_id": "BUS-111", "gross_sales": 653021.25, "tax_computed": 10175, "assessment_id": "ASS-000002", "payment_frequency": "Annual"}', '2026-07-01 03:37:45');
INSERT INTO audit_logs VALUES (229, '1', 'RECORD_PAYMENT', 'PAYMENTS', '{"owner_id": "OWN-111", "or_number": "4578535", "item_count": 3, "grand_total": 14273.75}', '2026-07-01 03:38:45');
INSERT INTO audit_logs VALUES (230, '1', 'LOGIN', 'AUTH', '{"username": "admin"}', '2026-07-01 05:40:55');
INSERT INTO audit_logs VALUES (231, '1', 'CREATE_ASSESSMENT', 'ASSESSMENTS', '{"year": 2025, "section": "d", "tax_type": "Business Tax", "business_id": "BUS-011", "gross_sales": 85000, "tax_computed": 1700, "assessment_id": "ASS-000003", "payment_frequency": "Annual"}', '2026-07-01 05:42:09');
INSERT INTO audit_logs VALUES (232, '1', 'CREATE_ASSESSMENT', 'ASSESSMENTS', '{"year": 2013, "section": "b", "tax_type": "Business Tax", "business_id": "BUS-005", "gross_sales": 85650, "tax_computed": 1452, "assessment_id": "ASS-000004", "payment_frequency": "Quarterly"}', '2026-07-01 08:04:06');
INSERT INTO audit_logs VALUES (233, '1', 'RECORD_PAYMENT', 'PAYMENTS', '{"owner_id": "OWN-1111", "or_number": "4567834", "item_count": 3, "grand_total": 2008.75}', '2026-07-01 08:04:35');
INSERT INTO audit_logs VALUES (234, '1', 'DELETE_PAYMENT', 'PAYMENTS', '{"or_number": "4567834", "payment_id": "PAY-2026-000008", "total_paid": "453.75"}', '2026-07-01 08:05:00');
INSERT INTO audit_logs VALUES (235, '1', 'RECORD_PAYMENT', 'PAYMENTS', '{"owner_id": "OWN-1111", "or_number": "4567834", "item_count": 3, "grand_total": 1938}', '2026-07-01 08:05:36');
INSERT INTO audit_logs VALUES (236, '1', 'RECORD_PAYMENT', 'PAYMENTS', '{"owner_id": "OWN-1111", "or_number": "5635896", "item_count": 1, "grand_total": 363}', '2026-07-01 08:06:05');
INSERT INTO audit_logs VALUES (237, '1', 'RECORD_PAYMENT', 'PAYMENTS', '{"owner_id": "OWN-1111", "or_number": "5266998", "item_count": 1, "grand_total": 453.75}', '2026-07-01 08:06:39');
INSERT INTO audit_logs VALUES (238, '1', 'RECORD_PAYMENT', 'PAYMENTS', '{"owner_id": "OWN-1111", "or_number": "3344528", "item_count": 1, "grand_total": 363}', '2026-07-01 08:07:01');
INSERT INTO audit_logs VALUES (239, '1', 'CREATE_ASSESSMENT', 'ASSESSMENTS', '{"year": 2014, "section": "b", "tax_type": "Business Tax", "business_id": "BUS-005", "gross_sales": 95619.99, "tax_computed": 1452, "assessment_id": "ASS-000005", "payment_frequency": "Quarterly"}', '2026-07-01 08:09:18');
INSERT INTO audit_logs VALUES (240, '1', 'RECORD_PAYMENT', 'PAYMENTS', '{"owner_id": "OWN-1111", "or_number": "5678357", "item_count": 1, "grand_total": 363}', '2026-07-01 08:09:56');
INSERT INTO audit_logs VALUES (241, '1', 'RECORD_PAYMENT', 'PAYMENTS', '{"owner_id": "OWN-1111", "or_number": "5690787", "item_count": 3, "grand_total": 1938}', '2026-07-01 08:10:56');
INSERT INTO audit_logs VALUES (242, '1', 'RECORD_PAYMENT', 'PAYMENTS', '{"owner_id": "OWN-1111", "or_number": "3355441", "item_count": 1, "grand_total": 363}', '2026-07-01 08:11:54');
INSERT INTO audit_logs VALUES (243, '1', 'RECORD_PAYMENT', 'PAYMENTS', '{"owner_id": "OWN-1111", "or_number": "658236", "item_count": 1, "grand_total": 363}', '2026-07-01 08:12:18');
INSERT INTO audit_logs VALUES (244, '1', 'LOGIN', 'AUTH', '{"username": "admin"}', '2026-07-02 00:52:49');
INSERT INTO audit_logs VALUES (245, '1', 'LOGIN', 'AUTH', '{"username": "admin"}', '2026-07-03 07:37:00');
COMMIT;